id,status,track,model,backend,workload,matching_protocol,dtype,batch,length,d_model,modes,real_state_scalars,chunk_size,mode_tile,median_ms,mean_ms,p10_ms,p90_ms,p95_ms,std_ms,tokens_per_second,peak_allocated_bytes,logical_bytes,parameter_count,inner_iterations,samples,error_type,error,source_commit
mamba2-official_fused_forward-forward-bf16-1-512-64-7ba7381c2ebf,unsupported,A_best_available,mamba2,official_fused_forward,forward,same_width+best_native,bf16,1,512,128,64,,256,,,,,,,,,,,,,,TypeError,'NoneType' object is not callable,
mamba3-official_cute_step-decode-bf16-1-1-64-aa7bedcbf7c0,unsupported,A_best_available,mamba3,official_cute_step,decode,same_width+best_native,bf16,1,1,128,64,,,,,,,,,,,,,,,,RuntimeError,official Mamba-3 decode uses CuTeDSL step kernel; unavailable in this environment and documented as H100-tested,
mamba3-official_siso_triton-forward-bf16-1-128-64-0ee88e20b198,measured,A_best_available,mamba3,official_siso_triton,forward,same_width+best_native,bf16,1,128,128,64,16960,64,,1.3557759523391724,1.3651382752827235,1.3228031873703003,1.4260224103927612,1.4272512197494507,0.041300280127440504,94410.87945184208,10798080,,118920,1,7,,,e9594ce1c732d97440f0332fdc43170a2294dbfa
mamba3-official_siso_triton-forward-bf16-1-2048-64-212c21b620d7,measured,A_best_available,mamba3,official_siso_triton,forward,same_width+best_native,bf16,1,2048,128,64,16960,64,,1.5646719932556152,1.5828114237104143,1.5456255674362183,1.640447998046875,1.6757760167121887,0.054668614698377936,1308900.5292021132,41256960,,118920,1,7,,,e9594ce1c732d97440f0332fdc43170a2294dbfa
mamba3-official_siso_triton-forward-bf16-1-32768-64-8534abc11dfd,measured,A_best_available,mamba3,official_siso_triton,forward,same_width+best_native,bf16,1,32768,128,64,16960,64,,6.4040961265563965,6.405939292907715,6.386688232421875,6.427033519744873,6.428876686096191,0.017893802300953797,5116725.194695036,529408512,,118920,1,5,,,e9594ce1c732d97440f0332fdc43170a2294dbfa
mamba3-official_siso_triton-forward-bf16-1-512-128-9fd7e9ff1622,measured,A_best_available,mamba3,official_siso_triton,forward,same_width+best_native,bf16,1,512,256,128,67328,64,,1.3793280124664307,1.3850331476756506,1.3686784505844116,1.4094336032867432,1.4112768173217773,0.01708977323702622,371195.24534593674,40092672,,475408,1,7,,,e9594ce1c732d97440f0332fdc43170a2294dbfa
mamba3-official_siso_triton-forward-bf16-1-512-256-57d3a82afb2a,measured,A_best_available,mamba3,official_siso_triton,forward,same_width+best_native,bf16,1,512,512,256,268288,64,,1.802240014076233,1.81043199130467,1.7457152128219606,1.887231969833374,1.8949119567871093,0.06984462039009433,284090.9068720427,92889600,,1901088,1,7,,,e9594ce1c732d97440f0332fdc43170a2294dbfa
mamba3-official_siso_triton-forward-bf16-1-512-512-4ef27cc4e85a,failed,A_best_available,mamba3,official_siso_triton,forward,same_width+best_native,bf16,1,512,1024,512,,64,,,,,,,,,,,,,,OutOfResources,"out of resource: shared memory, Required: 139264, Hardware limit: 101376. Reducing block sizes or `num_stages` may help.",
mamba3-official_siso_triton-forward-bf16-1-512-64-bf7033f13bfe,measured,A_best_available,mamba3,official_siso_triton,forward,same_width+best_native,bf16,1,512,128,64,16960,64,,1.3598719835281372,1.3622125898088728,1.321164846420288,1.41004798412323,1.4238719820976258,0.03905689266336375,376506.0286569292,16889856,,118920,1,7,,,e9594ce1c732d97440f0332fdc43170a2294dbfa
mamba3-official_siso_triton-forward-bf16-1-65536-64-ede8a556d486,measured,A_best_available,mamba3,official_siso_triton,forward,same_width+best_native,bf16,1,65536,128,64,16960,64,,13.518848419189453,13.527040100097656,13.47993621826172,13.580697441101073,13.586636734008788,0.04472412940036367,4847750.190539478,1049526784,,118920,1,5,,,e9594ce1c732d97440f0332fdc43170a2294dbfa
mamba3-official_siso_triton-forward-bf16-1-8192-64-710ae58ad0f0,measured,A_best_available,mamba3,official_siso_triton,forward,same_width+best_native,bf16,1,8192,128,64,16960,64,,2.6368000507354736,2.6400183268955777,2.6150911808013912,2.6697728633880615,2.6706944704055786,0.021124002062413,3106796.0567260436,139368960,,118920,1,7,,,e9594ce1c732d97440f0332fdc43170a2294dbfa
mamba3-official_siso_triton-forward-bf16-16-512-64-b408dfaf359f,measured,A_best_available,mamba3,official_siso_triton,forward,same_width+best_native,bf16,16,512,128,64,16960,64,,1.369088053703308,1.36469943182809,1.3158400297164916,1.4073855876922607,1.407692790031433,0.0420346666106296,5983545.015852771,147251200,,118920,1,7,,,e9594ce1c732d97440f0332fdc43170a2294dbfa
mamba3-official_siso_triton-forward-bf16-2-512-64-6a33abdf5573,measured,A_best_available,mamba3,official_siso_triton,forward,same_width+best_native,bf16,2,512,128,64,16960,64,,1.3864959478378296,1.433307443346296,1.3561856031417845,1.5722496509552002,1.5955968499183655,0.09609670835579133,738552.4650085536,33622016,,118920,1,7,,,e9594ce1c732d97440f0332fdc43170a2294dbfa
mamba3-official_siso_triton-forward-bf16-4-512-64-e6d5809d8d3e,measured,A_best_available,mamba3,official_siso_triton,forward,same_width+best_native,bf16,4,512,128,64,16960,64,,1.369088053703308,1.3753782851355416,1.3443071842193604,1.4110719919204713,1.4295040249824524,0.03340381464817021,1495886.2539631927,49776640,,118920,1,7,,,e9594ce1c732d97440f0332fdc43170a2294dbfa
mamba3-official_siso_triton-forward-bf16-8-512-64-6da703fa0534,measured,A_best_available,mamba3,official_siso_triton,forward,same_width+best_native,bf16,8,512,128,64,16960,64,,1.462272047996521,1.5105462755475725,1.355776000022888,1.6998399496078491,1.84115195274353,0.20214705030300825,2801120.356237395,83775488,,118920,1,7,,,e9594ce1c732d97440f0332fdc43170a2294dbfa
mamba3-official_siso_triton-forward_backward-bf16-1-128-64-fc61453244a0,measured,A_best_available,mamba3,official_siso_triton,forward_backward,same_width+best_native,bf16,1,128,128,64,16960,64,,4.10316801071167,4.195474284035819,4.014899158477784,4.470783996582032,4.542976045608521,0.20906691286412724,31195.407954498834,18546176,,118920,1,7,,,e9594ce1c732d97440f0332fdc43170a2294dbfa
mamba3-official_siso_triton-forward_backward-bf16-1-2048-64-4b4b276dabac,measured,A_best_available,mamba3,official_siso_triton,forward_backward,same_width+best_native,bf16,1,2048,128,64,16960,64,,4.192255973815918,4.317037718636649,4.142079830169678,4.595302486419678,4.648755264282226,0.2038730313083825,488519.7881025019,36455936,,118920,1,7,,,e9594ce1c732d97440f0332fdc43170a2294dbfa
mamba3-official_siso_triton-forward_backward-bf16-1-512-64-558db60f2027,measured,A_best_available,mamba3,official_siso_triton,forward_backward,same_width+best_native,bf16,1,512,128,64,16960,64,,4.469759941101074,4.8498102596827914,4.311040019989013,5.5885824203491214,5.889331293106078,0.6531208845851306,114547.53873736554,22128128,,118920,1,7,,,e9594ce1c732d97440f0332fdc43170a2294dbfa
mamba3-official_siso_triton-forward_backward-bf16-1-8192-64-6a68e4c468fc,measured,A_best_available,mamba3,official_siso_triton,forward_backward,same_width+best_native,bf16,1,8192,128,64,16960,64,,5.5859198570251465,5.558476829528809,5.306982517242432,5.796454429626465,5.857075214385986,0.23506752830128383,1466544.4921658356,93768704,,118920,1,5,,,e9594ce1c732d97440f0332fdc43170a2294dbfa
rglru-official_pytorch_serial-decode-bf16-1-1-64-1951baf2fd99,measured,A_best_available,rglru,official_pytorch_serial,decode,same_width+state_bytes+parameter_approx,bf16,1,1,128,64,128,,,0.5681151962280273,0.5718162318638392,0.5654528045654297,0.5816053848266601,0.5835438194274902,0.00730691509735095,1760.2063923645246,17097728,,16768,100,7,,,2efa84dac0e68e63547a27a18fa943c98f1c312e
rglru-official_pytorch_serial-decode-bf16-16-1-64-ae7e3d5a287e,measured,A_best_available,rglru,official_pytorch_serial,decode,same_width+state_bytes+parameter_approx,bf16,16,1,128,64,128,,,0.6330060958862305,0.6354285648890904,0.625842170715332,0.6476553955078126,0.650063850402832,0.00948657994755412,25276.21788159788,17251328,,16768,100,7,,,2efa84dac0e68e63547a27a18fa943c98f1c312e
rglru-official_pytorch_serial-decode-bf16-4-1-64-60670f4742d9,measured,A_best_available,rglru,official_pytorch_serial,decode,same_width+state_bytes+parameter_approx,bf16,4,1,128,64,128,,,0.6321971130371093,0.6362243597848075,0.6266490859985352,0.6490501098632813,0.6510376968383789,0.00999000623077757,6327.140566624517,17122304,,16768,100,7,,,2efa84dac0e68e63547a27a18fa943c98f1c312e
rglru-official_pytorch_serial-forward-bf16-1-128-64-7a65ccb80878,measured,A_best_available,rglru,official_pytorch_serial,forward,same_width+state_bytes+parameter_approx,bf16,1,128,128,64,128,,,12.704768180847168,12.73226969582694,11.809587097167968,13.68145923614502,13.723545455932618,0.8336756464064011,10074.957541764828,9969152,,16768,1,7,,,2efa84dac0e68e63547a27a18fa943c98f1c312e
rglru-official_pytorch_serial-forward-bf16-1-2048-64-1f074595757a,measured,A_best_available,rglru,official_pytorch_serial,forward,same_width+state_bytes+parameter_approx,bf16,1,2048,128,64,128,,,187.89273071289062,189.1746346609933,183.60237731933591,197.12245483398436,197.6880126953125,5.495182152389226,10899.836264179083,31130624,,16768,1,7,,,2efa84dac0e68e63547a27a18fa943c98f1c312e
rglru-official_pytorch_serial-forward-bf16-1-32768-64-828efd0c93ae,measured,A_best_available,rglru,official_pytorch_serial,forward,same_width+state_bytes+parameter_approx,bf16,1,32768,128,64,128,,,3211.83837890625,3241.901025390625,3206.12900390625,3306.6549316406254,3335.3856933593747,61.33326226294674,10202.25681815245,369757184,,16768,1,5,,,2efa84dac0e68e63547a27a18fa943c98f1c312e
rglru-official_pytorch_serial-forward-bf16-1-512-128-f6c322d1f405,measured,A_best_available,rglru,official_pytorch_serial,forward,same_width+state_bytes+parameter_approx,bf16,1,512,256,128,256,,,67.56147003173828,67.93289075578961,66.3930892944336,70.33159637451172,70.70269393920898,1.700626254892091,7578.283891091747,28453376,,66304,1,7,,,2efa84dac0e68e63547a27a18fa943c98f1c312e
rglru-official_pytorch_serial-forward-bf16-1-512-256-c8d5547ba11f,measured,A_best_available,rglru,official_pytorch_serial,forward,same_width+state_bytes+parameter_approx,bf16,1,512,512,256,512,,,46.952449798583984,48.91399383544922,45.82707214355469,53.458126068115234,56.30525588989257,4.380182043565246,10904.649324931308,40121856,,263680,1,7,,,2efa84dac0e68e63547a27a18fa943c98f1c312e
rglru-official_pytorch_serial-forward-bf16-1-512-512-84fabbf034c1,measured,A_best_available,rglru,official_pytorch_serial,forward,same_width+state_bytes+parameter_approx,bf16,1,512,1024,512,1024,,,45.13488006591797,45.47625503540039,44.8329719543457,46.32657775878906,46.434712219238286,0.6825111890697303,11343.776681188501,64245248,,1051648,1,5,,,2efa84dac0e68e63547a27a18fa943c98f1c312e
rglru-official_pytorch_serial-forward-bf16-1-512-64-c88c0bd52f49,measured,A_best_available,rglru,official_pytorch_serial,forward,same_width+state_bytes+parameter_approx,bf16,1,512,128,64,128,,,45.425662994384766,46.74969591413225,44.76395492553711,49.970176696777344,50.36492919921875,2.27972974279416,11271.161855431592,14199296,,16768,1,7,,,2efa84dac0e68e63547a27a18fa943c98f1c312e
rglru-official_pytorch_serial-forward-bf16-1-65536-64-fce752382233,measured,A_best_available,rglru,official_pytorch_serial,forward,same_width+state_bytes+parameter_approx,bf16,1,65536,128,64,128,,,6361.7998046875,6377.4951171875,6359.19765625,6405.52763671875,6409.66396484375,22.21065867943715,10301.487316798586,730958848,,16768,1,5,,,2efa84dac0e68e63547a27a18fa943c98f1c312e
rglru-official_pytorch_serial-forward-bf16-1-8192-64-66c9e5534ded,measured,A_best_available,rglru,official_pytorch_serial,forward,same_width+state_bytes+parameter_approx,bf16,1,8192,128,64,128,,,770.5794677734375,782.7521885463169,757.0446411132813,819.9671997070313,845.4595825195312,37.15919529475432,10630.960650522518,99494912,,16768,1,7,,,2efa84dac0e68e63547a27a18fa943c98f1c312e
rglru-official_pytorch_serial-forward-bf16-16-512-64-2bc14516eec6,measured,A_best_available,rglru,official_pytorch_serial,forward,same_width+state_bytes+parameter_approx,bf16,16,512,128,64,128,,,45.56288146972656,68.0081413269043,45.06071090698242,113.4260223388672,135.92760314941404,45.211682297528945,179795.4768388173,190126592,,16768,1,5,,,2efa84dac0e68e63547a27a18fa943c98f1c312e
rglru-official_pytorch_serial-forward-bf16-2-512-64-07c690309c0f,measured,A_best_available,rglru,official_pytorch_serial,forward,same_width+state_bytes+parameter_approx,bf16,2,512,128,64,128,,,45.911041259765625,46.47178268432617,45.768090057373044,47.47939758300781,47.56152191162109,0.8030201725695827,22304.002956634915,110351872,,16768,1,5,,,2efa84dac0e68e63547a27a18fa943c98f1c312e
rglru-official_pytorch_serial-forward-bf16-4-512-64-c273e505ed27,measured,A_best_available,rglru,official_pytorch_serial,forward,same_width+state_bytes+parameter_approx,bf16,4,512,128,64,128,,,45.680641174316406,45.49632034301758,45.105970764160155,45.713408660888675,45.71955261230469,0.3654568686442014,44832.99593332924,121631232,,16768,1,5,,,2efa84dac0e68e63547a27a18fa943c98f1c312e
rglru-official_pytorch_serial-forward-bf16-8-512-64-998eb3afc864,measured,A_best_available,rglru,official_pytorch_serial,forward,same_width+state_bytes+parameter_approx,bf16,8,512,128,64,128,,,45.338623046875,45.49304275512695,45.192396545410155,45.8940414428711,45.94503707885742,0.32143011549959466,90342.39958644532,144189952,,16768,1,5,,,2efa84dac0e68e63547a27a18fa943c98f1c312e
rglru-official_pytorch_serial-forward-fp32-1-128-128-42e3df2f932e,measured,A_best_available,rglru,official_pytorch_serial,forward,same_width+state_bytes+parameter_approx,fp32,1,128,256,128,256,,,7.763967990875244,7.8098431587219235,7.727718353271484,7.9312894821167,7.971020603179932,0.10530854086914575,16486.415213256227,104026112,,66304,1,5,,,2efa84dac0e68e63547a27a18fa943c98f1c312e
rglru-official_pytorch_serial-forward-fp32-1-128-64-19c2c925afe1,measured,A_best_available,rglru,official_pytorch_serial,forward,same_width+state_bytes+parameter_approx,fp32,1,128,128,64,128,,,8.131584167480469,8.056012725830078,7.906713390350342,8.168243217468262,8.176025772094727,0.12095598347211411,15741.090218544728,101466112,,16768,1,5,,,2efa84dac0e68e63547a27a18fa943c98f1c312e
rglru-official_pytorch_serial-forward-fp32-1-512-64-6088653cbdc8,measured,A_best_available,rglru,official_pytorch_serial,forward,same_width+state_bytes+parameter_approx,fp32,1,512,128,64,128,,,29.284351348876953,29.61466489519392,29.111091232299806,30.46379508972168,30.750105094909667,0.6639771799388152,17483.740510429132,26553856,,16768,1,7,,,2efa84dac0e68e63547a27a18fa943c98f1c312e
rglru-official_pytorch_serial-forward_backward-bf16-1-128-64-92b832f70b15,measured,A_best_available,rglru,official_pytorch_serial,forward_backward,same_width+state_bytes+parameter_approx,bf16,1,128,128,64,128,,,43.65516662597656,44.12869480678013,42.861158752441405,45.697025299072266,45.87673759460449,1.2019293691001194,2932.069899003315,17928704,,16768,1,7,,,2efa84dac0e68e63547a27a18fa943c98f1c312e
rglru-official_pytorch_serial-forward_backward-bf16-1-2048-64-7b586be283c7,measured,A_best_available,rglru,official_pytorch_serial,forward_backward,same_width+state_bytes+parameter_approx,bf16,1,2048,128,64,128,,,708.3028564453125,707.6392909458706,701.6030151367188,713.3923095703125,715.9875366210938,5.598448636657408,2891.41852438389,30726656,,16768,1,7,,,2efa84dac0e68e63547a27a18fa943c98f1c312e
rglru-official_pytorch_serial-forward_backward-bf16-1-512-64-c8ca0820e801,measured,A_best_available,rglru,official_pytorch_serial,forward_backward,same_width+state_bytes+parameter_approx,bf16,1,512,128,64,128,,,165.61048889160156,169.14417375837053,161.4915557861328,180.6438415527344,181.62534179687498,8.199889022689664,3091.5916221654516,20487680,,16768,1,7,,,2efa84dac0e68e63547a27a18fa943c98f1c312e
rglru-official_pytorch_serial-forward_backward-bf16-1-8192-64-0fb42f93f9be,measured,A_best_available,rglru,official_pytorch_serial,forward_backward,same_width+state_bytes+parameter_approx,bf16,1,8192,128,64,128,,,3202.57421875,3201.003466796875,3148.0505859375,3248.548046875,3251.609228515625,46.103852310913176,2557.9422803189327,71682560,,16768,1,5,,,2efa84dac0e68e63547a27a18fa943c98f1c312e
samu-advanced_scan_custom_kernel-forward-bf16-1-512-64-50906b1eff98,unsupported,B_apples_to_apples,samu,advanced_scan_custom_kernel,forward,same_width+state_bytes+parameter_approx,bf16,1,512,128,64,,,,,,,,,,,,,,,,NotImplemented,No audited custom kernel exists; row retained to prevent silent omission,sha256:164500431103d982813fcff505e2828d4b8714e5891b9051c00150d4febc2477
samu-chunked_compressed-forward-bf16-1-128-64-cf6563579dd3,measured,B_apples_to_apples,samu,chunked_compressed,forward,same_width+state_bytes+parameter_approx,bf16,1,128,128,64,128,64,,25.845760345458984,25.884233202253068,25.730867004394533,26.022502136230468,26.045235252380373,0.12472872248562705,4952.456352188114,8895488,65536,16772,1,7,,,sha256:164500431103d982813fcff505e2828d4b8714e5891b9051c00150d4febc2477
samu-chunked_compressed-forward-bf16-1-2048-64-0b04b19867e3,measured,B_apples_to_apples,samu,chunked_compressed,forward,same_width+state_bytes+parameter_approx,bf16,1,2048,128,64,128,256,,68.26700592041016,68.74185289655414,68.15170593261719,69.59698181152343,70.14134063720704,0.844468815013622,29999.85091462314,22370816,1048576,16772,1,7,,,sha256:164500431103d982813fcff505e2828d4b8714e5891b9051c00150d4febc2477
samu-chunked_compressed-forward-bf16-1-2048-64-21c3f2acba94,measured,B_apples_to_apples,samu,chunked_compressed,forward,same_width+state_bytes+parameter_approx,bf16,1,2048,128,64,128,64,,19.82054328918457,19.823469706944056,19.502693939208985,20.123852920532226,20.247654533386232,0.2847787663453889,103327.13741088657,13899776,1048576,16772,1,7,,,sha256:164500431103d982813fcff505e2828d4b8714e5891b9051c00150d4febc2477
samu-chunked_compressed-forward-bf16-1-2048-64-40d6daae295e,measured,B_apples_to_apples,samu,chunked_compressed,forward,same_width+state_bytes+parameter_approx,bf16,1,2048,128,64,128,128,,35.536895751953125,35.68991034371512,35.01854553222656,36.449075317382814,36.7599609375,0.6854822545530216,57630.244754494095,22386688,1048576,16772,1,7,,,sha256:164500431103d982813fcff505e2828d4b8714e5891b9051c00150d4febc2477
samu-chunked_compressed-forward-bf16-1-2048-64-a58686175f89,measured,B_apples_to_apples,samu,chunked_compressed,forward,same_width+state_bytes+parameter_approx,bf16,1,2048,128,64,128,16,,8.049663543701172,8.060927936008998,7.968563175201416,8.172953605651855,8.202445030212402,0.08835111927920475,254420.5716029649,52167680,1048576,16772,1,7,,,sha256:164500431103d982813fcff505e2828d4b8714e5891b9051c00150d4febc2477
samu-chunked_compressed-forward-bf16-1-2048-64-c13ede7bd5c2,measured,B_apples_to_apples,samu,chunked_compressed,forward,same_width+state_bytes+parameter_approx,bf16,1,2048,128,64,128,32,,11.679743766784668,11.644489015851702,11.534131240844726,11.736882781982422,11.771289157867432,0.09278479396541049,175346.31246142453,52036608,1048576,16772,1,7,,,sha256:164500431103d982813fcff505e2828d4b8714e5891b9051c00150d4febc2477
samu-chunked_compressed-forward-bf16-1-2048-64-da186dc52bca,measured,B_apples_to_apples,samu,chunked_compressed,forward,same_width+state_bytes+parameter_approx,bf16,1,2048,128,64,128,512,,134.21363830566406,134.39137268066406,132.84311523437498,136.08406982421874,136.39710693359376,1.376037589897052,15259.254021083865,22363648,1048576,16772,1,7,,,sha256:164500431103d982813fcff505e2828d4b8714e5891b9051c00150d4febc2477
samu-chunked_compressed-forward-bf16-1-32768-64-3b636d748bc8,measured,B_apples_to_apples,samu,chunked_compressed,forward,same_width+state_bytes+parameter_approx,bf16,1,32768,128,64,128,16,,10.073087692260742,10.142719841003418,9.981132888793944,10.36410846710205,10.442341995239257,0.200634827624918,3253024.3954071794,97178624,16777216,16772,1,5,,,sha256:164500431103d982813fcff505e2828d4b8714e5891b9051c00150d4febc2477
samu-chunked_compressed-forward-bf16-1-512-128-ea4053aae2b1,measured,B_apples_to_apples,samu,chunked_compressed,forward,same_width+state_bytes+parameter_approx,bf16,1,512,256,128,256,64,,28.96281623840332,28.84022876194545,28.211405181884764,29.42341079711914,29.592985343933105,0.5549769415290061,17677.83891544056,19840000,524288,66308,1,7,,,sha256:164500431103d982813fcff505e2828d4b8714e5891b9051c00150d4febc2477
samu-chunked_compressed-forward-bf16-1-512-256-91aea5192452,measured,B_apples_to_apples,samu,chunked_compressed,forward,same_width+state_bytes+parameter_approx,bf16,1,512,512,256,512,64,,19.349504470825195,20.74521173749651,18.82193946838379,23.883149337768558,23.93259868621826,2.183483208240432,26460.62594377978,22890496,1048576,263684,1,7,,,sha256:164500431103d982813fcff505e2828d4b8714e5891b9051c00150d4febc2477
samu-chunked_compressed-forward-bf16-1-512-512-30edccf34f67,measured,B_apples_to_apples,samu,chunked_compressed,forward,same_width+state_bytes+parameter_approx,bf16,1,512,1024,512,1024,16,,7.002111911773682,7.000678443908692,6.926336193084717,7.074201583862305,7.081164836883545,0.06492377280796652,73120.7964755746,30171648,2097152,1051652,1,5,,,sha256:164500431103d982813fcff505e2828d4b8714e5891b9051c00150d4febc2477
samu-chunked_compressed-forward-bf16-1-512-64-ded5bae4762b,measured,B_apples_to_apples,samu,chunked_compressed,forward,same_width+state_bytes+parameter_approx,bf16,1,512,128,64,128,64,,18.25177574157715,18.290834154401505,18.164530563354493,18.458828735351563,18.530406379699706,0.14158897375298035,28052.065029139885,9893888,262144,16772,1,7,,,sha256:164500431103d982813fcff505e2828d4b8714e5891b9051c00150d4febc2477
samu-chunked_compressed-forward-bf16-1-65536-64-4449ebebcbef,measured,B_apples_to_apples,samu,chunked_compressed,forward,same_width+state_bytes+parameter_approx,bf16,1,65536,128,64,128,16,,10.567680358886719,10.681548690795898,10.531225204467773,10.949631881713866,11.074559783935547,0.25959989296355634,6201550.176987381,185799680,33554432,16772,1,5,,,sha256:164500431103d982813fcff505e2828d4b8714e5891b9051c00150d4febc2477
samu-chunked_compressed-forward-bf16-1-8192-64-515cc4bec6c7,measured,B_apples_to_apples,samu,chunked_compressed,forward,same_width+state_bytes+parameter_approx,bf16,1,8192,128,64,128,64,,20.91417694091797,21.130971363612584,20.40504264831543,21.978931045532228,22.458777236938474,0.8152243690665015,391696.02624775516,30562304,4194304,16772,1,7,,,sha256:164500431103d982813fcff505e2828d4b8714e5891b9051c00150d4febc2477
samu-chunked_compressed-forward-bf16-16-512-64-7d517bb872f4,measured,B_apples_to_apples,samu,chunked_compressed,forward,same_width+state_bytes+parameter_approx,bf16,16,512,128,64,128,64,,18.83647918701172,18.850669860839844,18.663833999633788,19.03165473937988,19.06821174621582,0.1594038458727377,434900.80702813156,38444544,4194304,16772,1,7,,,sha256:164500431103d982813fcff505e2828d4b8714e5891b9051c00150d4febc2477
samu-chunked_compressed-forward-bf16-2-512-64-11e53400f811,measured,B_apples_to_apples,samu,chunked_compressed,forward,same_width+state_bytes+parameter_approx,bf16,2,512,128,64,128,64,,18.740224838256836,18.73905372619629,18.549964904785156,18.994175720214844,19.026431465148924,0.18741418878812888,54641.8204070624,19748864,524288,16772,1,7,,,sha256:164500431103d982813fcff505e2828d4b8714e5891b9051c00150d4febc2477
samu-chunked_compressed-forward-bf16-4-512-64-2e1b1dbff388,measured,B_apples_to_apples,samu,chunked_compressed,forward,same_width+state_bytes+parameter_approx,bf16,4,512,128,64,128,64,,18.749439239501953,18.827556610107422,18.563481521606448,19.11029815673828,19.11521339416504,0.25734003112073917,109229.9334310332,22419456,1048576,16772,1,7,,,sha256:164500431103d982813fcff505e2828d4b8714e5891b9051c00150d4febc2477
samu-chunked_compressed-forward-bf16-8-512-64-52d9125d54a9,measured,B_apples_to_apples,samu,chunked_compressed,forward,same_width+state_bytes+parameter_approx,bf16,8,512,128,64,128,64,,18.293760299682617,18.315702983311244,18.132582473754884,18.53132781982422,18.60966377258301,0.18733459103854205,223901.4796794436,27761152,2097152,16772,1,7,,,sha256:164500431103d982813fcff505e2828d4b8714e5891b9051c00150d4febc2477
samu-chunked_compressed-forward-fp32-1-128-128-eb15af222099,measured,B_apples_to_apples,samu,chunked_compressed,forward,same_width+state_bytes+parameter_approx,fp32,1,128,256,128,256,64,,15.237119674682617,15.260671806335449,15.170559692382813,15.380684852600098,15.423078536987305,0.10786391082957948,8400.53781376277,100497920,262144,66308,1,5,,,sha256:164500431103d982813fcff505e2828d4b8714e5891b9051c00150d4febc2477
samu-chunked_compressed-forward-fp32-1-128-64-de25057a46c0,measured,B_apples_to_apples,samu,chunked_compressed,forward,same_width+state_bytes+parameter_approx,fp32,1,128,128,64,128,64,,14.947327613830566,14.970879745483398,14.873394966125488,15.072051048278809,15.07778549194336,0.09085137813167034,8563.403660301343,99703296,131072,16772,1,5,,,sha256:164500431103d982813fcff505e2828d4b8714e5891b9051c00150d4febc2477
samu-chunked_compressed-forward-fp32-1-512-64-727f3bbebffa,measured,B_apples_to_apples,samu,chunked_compressed,forward,same_width+state_bytes+parameter_approx,fp32,1,512,128,64,128,64,,16.62668800354004,16.830317905970983,16.514253234863283,17.315225982666014,17.777869415283202,0.5841211131157971,30793.865855363885,19507200,524288,16772,1,7,,,sha256:164500431103d982813fcff505e2828d4b8714e5891b9051c00150d4febc2477
samu-chunked_compressed-forward_backward-bf16-1-128-64-e8ae0b7941f6,measured,B_apples_to_apples,samu,chunked_compressed,forward_backward,same_width+state_bytes+parameter_approx,bf16,1,128,128,64,128,64,,80.01023864746094,81.0949478149414,78.68579711914063,84.74214477539063,85.30739364624023,2.5639168414588043,1599.795253254903,18134528,65536,16772,1,7,,,sha256:164500431103d982813fcff505e2828d4b8714e5891b9051c00150d4febc2477
samu-chunked_compressed-forward_backward-bf16-1-2048-64-de51ae4b8a0c,measured,B_apples_to_apples,samu,chunked_compressed,forward_backward,same_width+state_bytes+parameter_approx,bf16,1,2048,128,64,128,64,,113.15404510498047,113.54770224434989,110.5270767211914,116.3751434326172,117.04760284423828,2.69657883715227,18099.220386685563,30170624,1048576,16772,1,7,,,sha256:164500431103d982813fcff505e2828d4b8714e5891b9051c00150d4febc2477
samu-chunked_compressed-forward_backward-bf16-1-512-64-7550cda0ac85,measured,B_apples_to_apples,samu,chunked_compressed,forward_backward,same_width+state_bytes+parameter_approx,bf16,1,512,128,64,128,64,,90.70185852050781,89.44889177594867,85.6659942626953,91.62629089355468,91.96482543945312,3.057406705690337,5644.867793797589,20450816,262144,16772,1,7,,,sha256:164500431103d982813fcff505e2828d4b8714e5891b9051c00150d4febc2477
samu-chunked_compressed-forward_backward-bf16-1-8192-64-2c4abd76ba14,measured,B_apples_to_apples,samu,chunked_compressed,forward_backward,same_width+state_bytes+parameter_approx,bf16,1,8192,128,64,128,16,,52.773887634277344,53.89332504272461,51.4998275756836,57.06936340332031,57.87996139526367,2.693050728860886,155228.28366881932,69762560,4194304,16772,1,5,,,sha256:164500431103d982813fcff505e2828d4b8714e5891b9051c00150d4febc2477
samu-decode_direct-decode-bf16-1-1-64-1a04f942ce92,measured,B_apples_to_apples,samu,decode_direct,decode,same_width+state_bytes+parameter_approx,bf16,1,1,128,64,128,,,0.4478668975830078,0.44992219652448384,0.44257073974609373,0.45701735687255857,0.4581816444396973,0.0062081650702360954,2232.806231933361,17086464,512,16772,100,7,,,sha256:164500431103d982813fcff505e2828d4b8714e5891b9051c00150d4febc2477
samu-decode_direct-decode-bf16-16-1-64-fef3ae277d7f,measured,B_apples_to_apples,samu,decode_direct,decode,same_width+state_bytes+parameter_approx,bf16,16,1,128,64,128,,,0.4716032028198242,0.47141741616385324,0.4676792373657227,0.47510936737060544,0.4751892471313477,0.0033680398290344307,33926.82641748893,17116672,8192,16772,100,7,,,sha256:164500431103d982813fcff505e2828d4b8714e5891b9051c00150d4febc2477
samu-decode_direct-decode-bf16-4-1-64-7aa972feda5c,measured,B_apples_to_apples,samu,decode_direct,decode,same_width+state_bytes+parameter_approx,bf16,4,1,128,64,128,,,0.4643328094482422,0.4645829500470843,0.45928857421875,0.47100109100341797,0.4723466300964355,0.005099519771487999,8614.510796153138,17089024,2048,16772,100,7,,,sha256:164500431103d982813fcff505e2828d4b8714e5891b9051c00150d4febc2477
samu-decode_factorized-decode-bf16-1-1-64-5567ac06249c,measured,B_apples_to_apples,samu,decode_factorized,decode,same_width+state_bytes+parameter_approx,bf16,1,1,128,64,128,,,0.5070540618896484,0.5070921162196568,0.5016514663696289,0.5142732849121093,0.516454402923584,0.005822409603428508,1972.176292747326,17086464,512,16772,100,7,,,sha256:164500431103d982813fcff505e2828d4b8714e5891b9051c00150d4febc2477
samu-decode_factorized-decode-bf16-16-1-64-7a5cfc93f954,measured,B_apples_to_apples,samu,decode_factorized,decode,same_width+state_bytes+parameter_approx,bf16,16,1,128,64,128,,,0.5288345718383789,0.5317514964512416,0.5238190002441406,0.5421916198730469,0.5459425354003906,0.008571226570306225,30255.20805944941,17116672,8192,16772,100,7,,,sha256:164500431103d982813fcff505e2828d4b8714e5891b9051c00150d4febc2477
samu-decode_factorized-decode-bf16-4-1-64-0571c26ff23e,measured,B_apples_to_apples,samu,decode_factorized,decode,same_width+state_bytes+parameter_approx,bf16,4,1,128,64,128,,,0.5234688186645508,0.5251525551932199,0.5164523544311523,0.5366353988647461,0.5375785064697265,0.008060179693629488,7641.333843350237,17089024,2048,16772,100,7,,,sha256:164500431103d982813fcff505e2828d4b8714e5891b9051c00150d4febc2477
samu-decode_precomputed_factorized-decode-bf16-1-1-64-88a3969dada6,measured,B_apples_to_apples,samu,decode_precomputed_factorized,decode,same_width+state_bytes+parameter_approx,bf16,1,1,128,64,128,,,0.2128691291809082,0.2119460596357073,0.20658790588378906,0.21625856399536134,0.21745664596557618,0.004027034547201803,4697.722040992349,17086464,512,16772,100,7,,,sha256:164500431103d982813fcff505e2828d4b8714e5891b9051c00150d4febc2477
samu-decode_precomputed_factorized-decode-bf16-16-1-64-301af56951d8,measured,B_apples_to_apples,samu,decode_precomputed_factorized,decode,same_width+state_bytes+parameter_approx,bf16,16,1,128,64,128,,,0.21389312744140626,0.21414326531546457,0.21249637985229491,0.21586534118652345,0.2164766674041748,0.001529166801940312,74803.71244926057,17116160,8192,16772,100,7,,,sha256:164500431103d982813fcff505e2828d4b8714e5891b9051c00150d4febc2477
samu-decode_precomputed_factorized-decode-bf16-4-1-64-34999e49882e,measured,B_apples_to_apples,samu,decode_precomputed_factorized,decode,same_width+state_bytes+parameter_approx,bf16,4,1,128,64,128,,,0.21141504287719726,0.2125780132838658,0.21003673553466795,0.21601075744628906,0.21891994285583494,0.0038481756924518525,18920.129549738067,17088512,2048,16772,100,7,,,sha256:164500431103d982813fcff505e2828d4b8714e5891b9051c00150d4febc2477
samu-serial_direct-forward-bf16-1-128-64-f704dba17e54,measured,B_apples_to_apples,samu,serial_direct,forward,same_width+state_bytes+parameter_approx,bf16,1,128,128,64,128,,,26.620927810668945,26.545298440115793,25.937510299682618,27.026637268066406,27.293286895751955,0.512558885468551,4808.247139632041,17341952,65536,16772,1,7,,,sha256:164500431103d982813fcff505e2828d4b8714e5891b9051c00150d4febc2477
samu-serial_factorized-forward-bf16-1-128-64-49f0465c5b20,measured,B_apples_to_apples,samu,serial_factorized,forward,same_width+state_bytes+parameter_approx,bf16,1,128,128,64,128,,,33.6445426940918,33.7078857421875,33.29495010375977,34.10554962158203,34.284647369384764,0.3805043540874599,3804.4803035018704,17341952,65536,16772,1,7,,,sha256:164500431103d982813fcff505e2828d4b8714e5891b9051c00150d4febc2477
samu-tree_materialized_direct-forward-bf16-1-128-64-c98804ca52f0,measured,B_apples_to_apples,samu,tree_materialized_direct,forward,same_width+state_bytes+parameter_approx,bf16,1,128,128,64,128,,,3.428352117538452,3.5304594380514964,3.384115219116211,3.759513568878174,3.9303167819976803,0.23855571161531144,37335.721539566846,17486848,65536,16772,1,7,,,sha256:164500431103d982813fcff505e2828d4b8714e5891b9051c00150d4febc2477
samu-tree_materialized_factorized-forward-bf16-1-128-64-4d987d060e9f,measured,B_apples_to_apples,samu,tree_materialized_factorized,forward,same_width+state_bytes+parameter_approx,bf16,1,128,128,64,128,,,5.558271884918213,5.571876593998501,5.417574501037597,5.71269121170044,5.730201673507691,0.14432303324851717,23028.74034415527,8967168,65536,16772,1,7,,,sha256:164500431103d982813fcff505e2828d4b8714e5891b9051c00150d4febc2477
samu-tree_materialized_factorized-forward-bf16-1-2048-64-5c473c09c452,measured,B_apples_to_apples,samu,tree_materialized_factorized,forward,same_width+state_bytes+parameter_approx,bf16,1,2048,128,64,128,,,5.196800231933594,5.223570278712681,5.174886322021484,5.302476596832276,5.334118223190307,0.06444670285178544,394088.6523625313,15126528,1048576,16772,1,7,,,sha256:164500431103d982813fcff505e2828d4b8714e5891b9051c00150d4febc2477
samu-tree_materialized_factorized-forward-bf16-1-32768-64-53e4c4289e57,measured,B_apples_to_apples,samu,tree_materialized_factorized,forward,same_width+state_bytes+parameter_approx,bf16,1,32768,128,64,128,,,6.945792198181152,7.010304069519043,6.864281749725342,7.22042875289917,7.303782367706299,0.19477539701141194,4717676.409694597,113676288,16777216,16772,1,5,,,sha256:164500431103d982813fcff505e2828d4b8714e5891b9051c00150d4febc2477
samu-tree_materialized_factorized-forward-bf16-1-512-128-37c235de395a,measured,B_apples_to_apples,samu,tree_materialized_factorized,forward,same_width+state_bytes+parameter_approx,bf16,1,512,256,128,256,,,6.62937593460083,6.665801116398403,6.573875045776367,6.795878505706787,6.827827262878419,0.10012770961712075,77232.00570474644,20456448,524288,66308,1,7,,,sha256:164500431103d982813fcff505e2828d4b8714e5891b9051c00150d4febc2477
samu-tree_materialized_factorized-forward-bf16-1-512-256-6a75d48831ea,measured,B_apples_to_apples,samu,tree_materialized_factorized,forward,same_width+state_bytes+parameter_approx,bf16,1,512,512,256,512,,,4.336639881134033,4.338688101087298,4.318208122253417,4.361421012878418,4.3715586185455315,0.021113913418188072,118063.75766348201,24127488,1048576,263684,1,7,,,sha256:164500431103d982813fcff505e2828d4b8714e5891b9051c00150d4febc2477
samu-tree_materialized_factorized-forward-bf16-1-512-512-fbf17b79adbc,measured,B_apples_to_apples,samu,tree_materialized_factorized,forward,same_width+state_bytes+parameter_approx,bf16,1,512,1024,512,1024,,,4.3878397941589355,4.36244478225708,4.288512039184571,4.427776050567626,4.4400640487670895,0.06337690269794308,116686.11982633712,32258048,2097152,1051652,1,5,,,sha256:164500431103d982813fcff505e2828d4b8714e5891b9051c00150d4febc2477
samu-tree_materialized_factorized-forward-bf16-1-512-64-e891257a445d,measured,B_apples_to_apples,samu,tree_materialized_factorized,forward,same_width+state_bytes+parameter_approx,bf16,1,512,128,64,128,,,4.526080131530762,4.5136503492082864,4.340953636169433,4.66309118270874,4.714393615722656,0.14169736059381272,113122.16865829923,10199040,262144,16772,1,7,,,sha256:164500431103d982813fcff505e2828d4b8714e5891b9051c00150d4febc2477
samu-tree_materialized_factorized-forward-bf16-1-65536-64-859f30cac971,measured,B_apples_to_apples,samu,tree_materialized_factorized,forward,same_width+state_bytes+parameter_approx,bf16,1,65536,128,64,128,,,7.539743900299072,7.592153549194336,7.5057152748107905,7.705209445953369,7.709516620635986,0.09173457145170956,8692072.418719744,218796032,33554432,16772,1,5,,,sha256:164500431103d982813fcff505e2828d4b8714e5891b9051c00150d4febc2477
samu-tree_materialized_factorized-forward-bf16-1-8192-64-3639e89bdac6,measured,B_apples_to_apples,samu,tree_materialized_factorized,forward,same_width+state_bytes+parameter_approx,bf16,1,8192,128,64,128,,,6.148096084594727,6.14619425364903,6.118809413909912,6.173286437988281,6.177587270736694,0.028210840009861626,1332445.0183084614,35475456,4194304,16772,1,7,,,sha256:164500431103d982813fcff505e2828d4b8714e5891b9051c00150d4febc2477
samu-tree_materialized_factorized-forward-bf16-16-512-64-f0e19f043ed2,measured,B_apples_to_apples,samu,tree_materialized_factorized,forward,same_width+state_bytes+parameter_approx,bf16,16,512,128,64,128,,,4.35916805267334,4.355072021484375,4.316569709777832,4.391526317596435,4.40197114944458,0.037175540040836695,1879257.670503459,125341184,4194304,16772,1,5,,,sha256:164500431103d982813fcff505e2828d4b8714e5891b9051c00150d4febc2477
samu-tree_materialized_factorized-forward-bf16-2-512-64-b4043302f213,measured,B_apples_to_apples,samu,tree_materialized_factorized,forward,same_width+state_bytes+parameter_approx,bf16,2,512,128,64,128,,,4.375552177429199,4.355276870727539,4.317593574523926,4.38272008895874,4.3837440490722654,0.030469189399299858,234027.60576875083,120418304,524288,16772,1,5,,,sha256:164500431103d982813fcff505e2828d4b8714e5891b9051c00150d4febc2477
samu-tree_materialized_factorized-forward-bf16-4-512-64-8b8d8ca5f659,measured,B_apples_to_apples,samu,tree_materialized_factorized,forward,same_width+state_bytes+parameter_approx,bf16,4,512,128,64,128,,,4.406271934509277,4.443545627593994,4.312473583221435,4.593868923187256,4.6045185089111325,0.12481991418647556,464792.0124857396,105637376,1048576,16772,1,5,,,sha256:164500431103d982813fcff505e2828d4b8714e5891b9051c00150d4febc2477
samu-tree_materialized_factorized-forward-bf16-8-512-64-b4d9f89ac90a,measured,B_apples_to_apples,samu,tree_materialized_factorized,forward,same_width+state_bytes+parameter_approx,bf16,8,512,128,64,128,,,4.368383884429932,4.368793678283692,4.289945793151856,4.451123237609863,4.4783616065979,0.08179337238715713,937646.5320731588,112205312,2097152,16772,1,5,,,sha256:164500431103d982813fcff505e2828d4b8714e5891b9051c00150d4febc2477
samu-tree_materialized_factorized-forward-fp32-1-128-128-1bcd91dce605,measured,B_apples_to_apples,samu,tree_materialized_factorized,forward,same_width+state_bytes+parameter_approx,fp32,1,128,256,128,256,,,3.4017279148101807,3.410943937301636,3.377356767654419,3.450879907608032,3.4559998989105223,0.03282552273805357,37627.93592124857,100937216,262144,66308,1,5,,,sha256:164500431103d982813fcff505e2828d4b8714e5891b9051c00150d4febc2477
samu-tree_materialized_factorized-forward-fp32-1-128-64-dcbe36aeff36,measured,B_apples_to_apples,samu,tree_materialized_factorized,forward,same_width+state_bytes+parameter_approx,fp32,1,128,128,64,128,,,3.3525760173797607,3.3626111507415772,3.3396735191345215,3.3943551540374757,3.403161573410034,0.026760725870290807,38179.59662553444,99922432,131072,16772,1,5,,,sha256:164500431103d982813fcff505e2828d4b8714e5891b9051c00150d4febc2477
samu-tree_materialized_factorized-forward-fp32-1-512-64-3ab2fb26ce0b,measured,B_apples_to_apples,samu,tree_materialized_factorized,forward,same_width+state_bytes+parameter_approx,fp32,1,512,128,64,128,,,4.375552177429199,4.441087995256696,4.233625602722168,4.741529560089111,4.780236768722534,0.21055731803938862,117013.80288437541,20389888,524288,16772,1,7,,,sha256:164500431103d982813fcff505e2828d4b8714e5891b9051c00150d4febc2477
samu-tree_materialized_factorized-forward_backward-bf16-1-128-64-5025508475b2,measured,B_apples_to_apples,samu,tree_materialized_factorized,forward_backward,same_width+state_bytes+parameter_approx,bf16,1,128,128,64,128,,,13.998080253601074,14.918948718479701,13.404160308837891,17.078476905822754,18.182246685028073,1.9383011863985402,9144.111026729639,17787392,65536,16772,1,7,,,sha256:164500431103d982813fcff505e2828d4b8714e5891b9051c00150d4febc2477
samu-tree_materialized_factorized-forward_backward-bf16-1-2048-64-7ebeb669ca6d,measured,B_apples_to_apples,samu,tree_materialized_factorized,forward_backward,same_width+state_bytes+parameter_approx,bf16,1,2048,128,64,128,,,31.121408462524414,30.92479978288923,28.33469429016113,33.48602828979492,33.54685478210449,2.3109177271138246,65806.79028284173,28393472,1048576,16772,1,7,,,sha256:164500431103d982813fcff505e2828d4b8714e5891b9051c00150d4febc2477
samu-tree_materialized_factorized-forward_backward-bf16-1-512-64-9234acb36e00,measured,B_apples_to_apples,samu,tree_materialized_factorized,forward_backward,same_width+state_bytes+parameter_approx,bf16,1,512,128,64,128,,,20.372480392456055,20.60331426348005,19.43429107666016,22.452838134765628,22.69982681274414,1.302692997992303,25131.942215028168,19908608,262144,16772,1,7,,,sha256:164500431103d982813fcff505e2828d4b8714e5891b9051c00150d4febc2477
samu-tree_materialized_factorized-forward_backward-bf16-1-8192-64-34e33605e48c,measured,B_apples_to_apples,samu,tree_materialized_factorized,forward_backward,same_width+state_bytes+parameter_approx,bf16,1,8192,128,64,128,,,31.17158317565918,32.224869918823245,26.065305709838867,39.47233200073242,41.19306182861328,6.210861647659593,262803.462815352,62332928,4194304,16772,1,5,,,sha256:164500431103d982813fcff505e2828d4b8714e5891b9051c00150d4febc2477
samu-warp_shared_control_custom_kernel-forward-bf16-1-512-64-0f67a2d19a85,unsupported,B_apples_to_apples,samu,warp_shared_control_custom_kernel,forward,same_width+state_bytes+parameter_approx,bf16,1,512,128,64,,,,,,,,,,,,,,,,NotImplemented,No audited custom kernel exists; row retained to prevent silent omission,sha256:164500431103d982813fcff505e2828d4b8714e5891b9051c00150d4febc2477
samu-warp_shared_control_custom_kernel-forward-bf16-1-512-64-311c3df86057,unsupported,B_apples_to_apples,samu,warp_shared_control_custom_kernel,forward,same_width+state_bytes+parameter_approx,bf16,1,512,128,64,,,64,,,,,,,,,,,,,NotImplemented,No audited custom kernel exists; row retained to prevent silent omission,sha256:164500431103d982813fcff505e2828d4b8714e5891b9051c00150d4febc2477
samu-warp_shared_control_custom_kernel-forward-bf16-1-512-64-8fb60e284f17,unsupported,B_apples_to_apples,samu,warp_shared_control_custom_kernel,forward,same_width+state_bytes+parameter_approx,bf16,1,512,128,64,,,128,,,,,,,,,,,,,NotImplemented,No audited custom kernel exists; row retained to prevent silent omission,sha256:164500431103d982813fcff505e2828d4b8714e5891b9051c00150d4febc2477
samu-warp_shared_control_custom_kernel-forward-bf16-1-512-64-94d9a82cf077,unsupported,B_apples_to_apples,samu,warp_shared_control_custom_kernel,forward,same_width+state_bytes+parameter_approx,bf16,1,512,128,64,,,512,,,,,,,,,,,,,NotImplemented,No audited custom kernel exists; row retained to prevent silent omission,sha256:164500431103d982813fcff505e2828d4b8714e5891b9051c00150d4febc2477
samu-warp_shared_control_custom_kernel-forward-bf16-1-512-64-df15203ab498,unsupported,B_apples_to_apples,samu,warp_shared_control_custom_kernel,forward,same_width+state_bytes+parameter_approx,bf16,1,512,128,64,,,256,,,,,,,,,,,,,NotImplemented,No audited custom kernel exists; row retained to prevent silent omission,sha256:164500431103d982813fcff505e2828d4b8714e5891b9051c00150d4febc2477
