Method,Seed,FixedIteration,NRMSE,PSNRdB,SupportSpectrumError,PoissonNLL,ElapsedSeconds
RL,2,4,0.632209466181239,33.4396937564156,0.453889012168833,15528.0110836827,0.0467293
RL,5,4,0.640297578678843,33.3292764524152,0.45814580681351,14308.5709310508,0.0520211
RL,13,4,0.646408351392294,33.2467744677685,0.465031077899862,14477.993023473,0.0478203
RL,17,4,0.633285729330554,33.4249196107318,0.451881556997386,13877.8857051697,0.052326
RL,23,4,0.640542929706494,33.3259488062935,0.45777632545828,13520.8313363967,0.0520541
RL,31,4,0.635297037756951,33.3973770362756,0.457272214851814,14118.4015856438,0.0518265
RL,43,4,0.638034890603966,33.3600250720439,0.455583889526164,14954.1041150783,0.0449627
RL,59,4,0.638211783425656,33.3576172749179,0.45435656857422,13993.2600368157,0.0442233
RL,73,4,0.641909717504619,33.3074346373785,0.457893321450467,15066.1414341277,0.0460274
RL,89,4,0.636790744618693,33.3769787916021,0.453419148692621,13835.5235317691,0.0411316
RL,101,4,0.63998506043775,33.3335169207663,0.455820563817566,14424.7339233339,0.0471578
RL,127,4,0.647193955561178,33.2362245917946,0.466848103225038,13344.554346685,0.0473454
OMW,2,4,0.631475903384111,33.4497779852398,0.416333211247851,14736.5148123513,0.0516913
OMW,5,4,0.638635279277489,33.3518555224364,0.423487698126979,13642.5729058618,0.0450682
OMW,13,4,0.612784834665645,33.7107534679454,0.398829646326288,13678.7029303314,0.0470435
OMW,17,4,0.613949467280518,33.6942611054433,0.406284672705,13030.7214799221,0.0507831
OMW,23,4,0.605737866047209,33.8112191778922,0.398719237969064,12759.0294620816,0.049156
OMW,31,4,0.63530282130844,33.3972979629315,0.42161224223181,13373.2484033747,0.0451852
OMW,43,4,0.616587533928093,33.6570188431778,0.402511082332636,14144.5842116261,0.046286
OMW,59,4,0.616652938100218,33.6560975412348,0.404099872561064,13152.8196186205,0.0453287
OMW,73,4,0.639304503354876,33.3427583692063,0.422703617193106,14323.9883021583,0.0443551
OMW,89,4,0.61231744032084,33.7173810548439,0.404205476373393,13191.5601100441,0.0435263
OMW,101,4,0.614965698859209,33.6798957894402,0.396273240454372,13590.4683556837,0.0438946
OMW,127,4,0.596556886715117,33.9438763705515,0.393407537266205,12450.2606942774,0.0515372
Damped Newton,2,4,0.686331347559586,32.7262369358055,0.5087736757291,16070.0397386016,1.4057453
Damped Newton,5,4,0.694152736803224,32.6278128373572,0.512641129508114,14899.6767288323,1.4066102
Damped Newton,13,4,0.697985529865491,32.579985258076,0.517402059632731,14997.9122366088,1.425606
Damped Newton,17,4,0.686749570996704,32.7209457068879,0.503857608460915,14425.9263864002,1.4644004
Damped Newton,23,4,0.694133014681712,32.6280596225321,0.512883494796765,14059.6907777585,1.5559144
Damped Newton,31,4,0.688814030373824,32.6948739501806,0.509498092199889,14616.2631746142,1.417284
Damped Newton,43,4,0.690454160522284,32.6742166244041,0.5064734209887,15421.2750726311,1.3863997
Damped Newton,59,4,0.691118805653102,32.665859433229,0.50892337323121,14499.9890296632,1.3935005
Damped Newton,73,4,0.695653826896485,32.6090500709444,0.513067236237132,15640.7622740359,1.3974297
Damped Newton,89,4,0.689826222682864,32.6821196551438,0.506778596370557,14378.6662030962,1.3725861
Damped Newton,101,4,0.690950749844038,32.6679717932213,0.5063860757875,14961.0742687559,1.3956112
Damped Newton,127,4,0.697761358974666,32.5827753393577,0.516950377093288,13879.8188315067,1.4283782
Log-SGD,2,4,0.644914145273765,33.2668755893208,0.455170816697717,16341.5772607444,0.1024678
Log-SGD,5,4,0.645531458565306,33.2585654125641,0.456489562749193,15111.5772781958,0.1152534
Log-SGD,13,4,0.63903571387796,33.3464110365249,0.457941968007387,15282.0584207012,0.1065895
Log-SGD,17,4,0.579518152000788,34.1955727680993,0.398989647988565,14384.0151787084,0.1006733
Log-SGD,23,4,0.640341788360334,33.3286767513213,0.452680456312348,14327.593244726,0.1097838
Log-SGD,31,4,0.578601010424503,34.209329888157,0.403686209964552,14590.2747730737,0.1039913
Log-SGD,43,4,0.644804268018803,33.2683555739484,0.457721359238261,15797.9957169056,0.1022231
Log-SGD,59,4,0.634512988406791,33.4081033132011,0.450891788615418,14801.3052297944,0.1046079
Log-SGD,73,4,0.640562860775465,33.3256785412354,0.455418446262979,15892.6376054871,0.1101919
Log-SGD,89,4,0.642668086346823,33.2971789583315,0.453017948412234,14674.1444633533,0.1108928
Log-SGD,101,4,0.645004178485515,33.2656630807026,0.458318020787606,15295.237942699,0.1069727
Log-SGD,127,4,0.638655810481509,33.3515762880884,0.457857491380597,14135.4042390275,0.1077818
Full whitening,2,4,0.675182057823354,32.8684957847622,0.530405260294693,17375.5001816116,0.1026672
Full whitening,5,4,0.660358987920527,33.0613117777655,0.503476944342415,15841.8109173666,0.1022112
Full whitening,13,4,0.653287974703901,33.154820361668,0.49388002979582,15799.5754597521,0.1187658
Full whitening,17,4,0.670118175760323,32.9338856916043,0.521176083848467,15733.7347082472,0.120484
Full whitening,23,4,0.653259100807779,33.1552042674297,0.493464041689472,14881.5339126301,0.1147104
Full whitening,31,4,0.658099285962849,33.0910852509598,0.507052483201635,15635.0071818711,0.1119574
Full whitening,43,4,0.666181968571727,32.98505617192,0.512357312412153,16558.665374103,0.117291
Full whitening,59,4,0.661161292310621,33.0507652453381,0.504369481128407,15545.8926685576,0.1098168
Full whitening,73,4,0.665650803849593,32.9919844267221,0.510163415962515,16653.4801818808,0.1120698
Full whitening,89,4,0.663519123732461,33.0198447532782,0.509048622891064,15545.7046855583,0.1180212
Full whitening,101,4,0.607554337566242,33.7852111265978,0.426990922392564,15450.0903314112,0.1205394
Full whitening,127,4,0.658433342838987,33.0866773370841,0.49964610703885,14688.952650303,0.1167112
Half whitening,2,4,0.622705558735362,33.5712587912636,0.453644272572649,16536.5758971947,0.1145565
Half whitening,5,4,0.625975070275768,33.5257728909462,0.45188566616136,15275.832790635,0.1103277
Half whitening,13,4,0.629831533022362,33.4724256398335,0.457239861017028,15444.1393397591,0.1175848
Half whitening,17,4,0.626001472139508,33.5254065523337,0.455060410552995,14971.6540936475,0.1339933
Half whitening,23,4,0.624374602185449,33.5480090655143,0.449390757932493,14495.2724120734,0.1106649
Half whitening,31,4,0.623078811758192,33.5660539825709,0.454319437396178,15101.8898819101,0.1112666
Half whitening,43,4,0.626716360578463,33.5154929986248,0.453698707770299,15943.112876621,0.1032178
Half whitening,59,4,0.623642606392752,33.5581980843136,0.448485667992185,14959.6454823347,0.1174527
Half whitening,73,4,0.628977293921973,33.4842142888016,0.454063022289415,16066.4414855147,0.1030866
Half whitening,89,4,0.624075187054257,33.5521753313228,0.449802561486567,14836.7032389658,0.1074831
Half whitening,101,4,0.629451962716754,33.4776618013418,0.455081985045646,15445.2637658823,0.1096244
Half whitening,127,4,0.632497561871424,33.4357365278116,0.460488123150406,14334.0816264013,0.1083624
SCR-RL,2,4,0.487437580367293,35.6985334569705,0.365160628804429,14266.4465557401,0.0589306
SCR-RL,5,4,0.489431661769677,35.6630724263621,0.366641723216061,13068.103013693,0.0592346
SCR-RL,13,4,0.478243898213408,35.8639248890424,0.348764978147482,13222.4378076327,0.0614657
SCR-RL,17,4,0.476892024950322,35.8885124467377,0.356326783036845,12631.283553124,0.06075
SCR-RL,23,4,0.469112904735442,36.0313660421078,0.346251157069259,12240.4649296656,0.0622143
SCR-RL,31,4,0.490797164294648,35.6388727464728,0.370422451427076,12857.3674721712,0.0538433
SCR-RL,43,4,0.468527838416923,36.0422056353535,0.343373366463147,13696.7157154267,0.0536827
SCR-RL,59,4,0.482619460610394,35.7848170441115,0.358780641740132,12706.6839330393,0.05296
SCR-RL,73,4,0.504396635213071,35.401470027397,0.377806153722917,13768.2099869055,0.0522237
SCR-RL,89,4,0.468899019705154,36.0353271469768,0.348565768514305,12537.2383778929,0.0567122
SCR-RL,101,4,0.478225643966933,35.8642564299087,0.35027969533647,13143.2875143032,0.0588959
SCR-RL,127,4,0.46824489352647,36.0474526458247,0.347199231387483,12072.8931321191,0.0582465
