Q,Alpha,Gamma,TVWeight,BestIteration,BestNRMSE,BestPSNRdB,BestSpectrumError,FinalPoissonNLL
0.4,0.0005,1.2,0,27,0.487433525965623,35.6986057046456,0.301498737583769,11490.4310313133
0.4,0.001,1.2,0,27,0.488710588089241,35.6758786772826,0.302228483630493,11496.5468504901
0.4,0.004,1.2,0,29,0.489722083565101,35.6579198714145,0.30303501475861,11526.2395432827
0.4,0.002,1.2,0,27,0.49021427909846,35.6491944957564,0.30343377237879,11505.8866855248
0.5,0.004,1.2,0,29,0.495031080773998,35.564264299065,0.309338285393171,11470.4288375535
0.5,0.002,1.2,0,25,0.496123112076868,35.5451244572834,0.308833874028875,11458.0627449726
0.5,0.0005,1.2,0,27,0.496484749993424,35.5387953775105,0.311008708163045,11446.7656746941
0.5,0.001,1.2,0,29,0.497737886753526,35.5168996512188,0.312212132557511,11444.9051586152
0.5,0.0005,1,0,30,0.504976697729669,35.3914868836135,0.329700437059543,11337.6583344204
0.5,0.001,1,0,30,0.505232524896526,35.3870876234692,0.329231212201086,11348.3413022941
0.5,0.002,1,0,30,0.505671984494276,35.3795357770358,0.328615747186797,11365.4368776794
0.5,0.004,1,0,30,0.506457019959766,35.3660617381482,0.327953049546237,11391.5054006383
0.6,0.004,1,0,29,0.50674196730261,35.3611761800911,0.33101824151383,11315.8271006947
0.6,0.002,1,0,27,0.506848861392061,35.3593441385196,0.330834289560017,11300.5925813957
0.6,0.004,1.2,0,23,0.50708055544004,35.3553744954021,0.313700669082458,11469.585924499
0.4,0.0005,1,0,30,0.507139472067029,35.3543653587126,0.326283099515298,11456.8386991734
0.6,0.001,1,0,27,0.507291300732475,35.3517653448385,0.331629379264748,11288.3438877143
0.4,0.001,1,0,30,0.507682319811184,35.3450728581308,0.326327711898013,11465.9455465047
0.6,0.0005,1,0,23,0.507858708986,35.3420555562636,0.330036384093824,11288.0742137158
0.6,0.002,1.2,0,29,0.508132556774619,35.3373732094614,0.316439805096803,11465.3617307795
0.4,0.002,1,0,30,0.508541869185292,35.3303793429336,0.326469443037458,11480.7339810667
0.4,0.004,1,0,30,0.50987826983238,35.3075835737795,0.326841542081869,11503.4033477407
0.6,0.001,1.2,0,29,0.511588633785052,35.2784959031654,0.317617341177515,11471.863376859
0.6,0.0005,1.2,0,29,0.513215943309882,35.2509108530286,0.319676610134706,11432.090149903
0.5,0.002,1,0,12,0.519957120870387,35.1375630369021,0.330924977029938,11707.274196494
0.6,0.0005,0.8,0,30,0.5224513481912,35.0959965584454,0.351723198205462,11252.0756892013
0.6,0.001,0.8,0,30,0.522754750023401,35.0909538880878,0.351257592111614,11263.3768167164
0.6,0.002,0.8,0,30,0.523286741169457,35.082119024805,0.350665953069522,11281.2153406137
0.6,0.004,0.8,0,30,0.524238571824103,35.0663342066374,0.350053111949608,11308.5352304265
1,0.01,1,0,1,0.525036704397737,35.0531203380841,0.330817368394499,11631.7563503625
0.5,0.0005,0.8,0,30,0.525337986836803,35.0481375331685,0.349873240848863,11348.2394936417
0.5,0.001,0.8,0,30,0.525897229278332,35.0388959885325,0.349797296683228,11359.2991970534
0.5,0.002,0.8,0,30,0.526807458055315,35.0238753492825,0.349794811003465,11377.0107478672
0.75,0.002,1,0,3,0.527159864664761,35.0180668864101,0.318221595302767,11575.4149251024
0.75,0.05,1,0,12,0.527248615648214,35.0166046803225,0.33726463590703,11720.7210261953
0.5,0.01,1,0,12,0.527933894202884,35.0053227368133,0.338184664939399,11789.5441129001
0.5,0.004,0.8,0,30,0.528282913399377,34.9995823579235,0.350050797167477,11404.0360908997
1,0.01,1,0.05,1,0.531528331474417,34.9463852787633,0.343631139653286,12418.9631926364
0.4,0.0005,0.8,0,30,0.531882993300392,34.9405915590206,0.351714660507379,11472.6172019619
0.75,0.01,1,0,11,0.532044233669191,34.9379588299696,0.334497048533217,11608.3192645142
0.4,0.001,0.8,0,30,0.53255532414577,34.9296190259876,0.352014800993778,11482.0575838559
0.4,0.002,0.8,0,30,0.533636135771702,34.9120090299017,0.352569215505942,11497.4042454935
0.4,0.004,0.8,0,30,0.535318836002631,34.8846631435769,0.353569163100281,11520.9568504248
1,0.05,1,0,11,0.539391781264836,34.8188271467007,0.342934712259037,11681.0156123642
1,0.002,1,0.05,1,0.541949129849146,34.7777431763185,0.382581846009384,12484.8319234178
0.5,0.05,1,0,12,0.543834761968213,34.7475743571397,0.355242928568047,11955.5295681857
1,0.01,0.5,0,12,0.553592879065398,34.593103740777,0.370222912397762,11440.2688258652
0.25,0.002,1,0,12,0.556168314425644,34.5527887836498,0.371043194186654,12123.9945004652
1,0.002,0.5,0,12,0.557299776831765,34.5351362598838,0.368816679076113,11416.548418569
0.75,0.002,0.5,0,12,0.560390449004955,34.4870991469027,0.38123905307843,11454.9837083063
0.25,0.01,1,0,12,0.561277209746243,34.4733654754739,0.377027950938443,12164.0820629459
1,0.002,1,0,1,0.561549714870773,34.4691494214551,0.412269082588181,11553.035375641
0.75,0.002,1,0.05,1,0.568167570799534,34.3673848038907,0.385560048515042,12536.243372452
0.75,0.01,0.5,0,12,0.57012019647071,34.3375851201766,0.390358263338105,11557.5988607811
0.25,0.05,1,0,12,0.571469091545913,34.3170587201267,0.38959989543289,12254.5485244607
1,0.05,0.5,0,12,0.57228847117022,34.3046137012907,0.392012551640983,11577.1879673161
1,0.05,1,0.05,1,0.587230015315756,34.0807487280261,0.408909606520384,12547.933463596
0.75,0.05,0.5,0,12,0.591090827431337,34.0238292427056,0.414011801138442,11786.9647830525
0.5,0.002,0.5,0,12,0.591797382735547,34.0134528401468,0.416201003174424,11789.6539904073
0.75,0.01,1,0.05,1,0.592151407440587,34.0082583255962,0.417380851825194,12549.4559098276
0.5,0.01,0.5,0,12,0.599668623987372,33.8986871194409,0.425352862797494,11887.0657607916
0.5,0.002,1,0.05,7,0.610278222455063,33.7463561907697,0.449830922583068,12517.4926990641
0.5,0.01,1,0.05,8,0.610395270787055,33.7446904400135,0.449938104102332,12554.7882604832
0.5,0.05,1,0.05,12,0.610499602126487,33.7432059379121,0.450734470567644,12644.9552536485
0.25,0.002,1,0.05,12,0.611283931486162,33.7320540456064,0.452477731618279,12760.1003123743
0.75,0.05,1,0.05,7,0.611697296511998,33.7261824213342,0.449467767980076,12526.8983419474
0.25,0.01,1,0.05,12,0.612247280703614,33.7183763451416,0.453400919113152,12786.887850255
0.25,0.05,1,0.05,12,0.614703710331031,33.6835969524677,0.456221222385504,12850.6362738577
0.5,0.05,0.5,0,12,0.615212300655526,33.6764134380782,0.444957909656444,12088.8969236045
0.25,0.002,0.5,0,12,0.63060025477321,33.461830805297,0.466129875337961,12323.5007925065
1,0.01,0.5,0.05,4,0.631419252652877,33.4505572454933,0.470556188297119,12364.2843546432
0.25,0.01,0.5,0,12,0.633498233473075,33.4220054791971,0.469862908590591,12368.3418034078
1,0.002,0.5,0.05,2,0.634692365615577,33.4056481539244,0.470442020152079,12602.6985978083
1,0.05,0.5,0.05,12,0.635159585095477,33.3992565158757,0.480902231977074,12184.3814685479
0.75,0.01,0.5,0.05,10,0.636499075998133,33.3809580922332,0.482665296856905,12175.9977072569
0.75,0.002,0.5,0.05,6,0.63690636030617,33.37540192517,0.481876707735827,12202.6002506842
0.75,0.05,0.5,0.05,12,0.636963358940468,33.3746246339921,0.482699598174682,12248.1343035692
0.5,0.002,0.5,0.05,12,0.639055352236145,33.3461441124904,0.486568100356232,12261.5880849704
0.25,0.05,0.5,0,12,0.640004190143702,33.3332572959067,0.478551903364468,12473.5597709521
0.5,0.01,0.5,0.05,12,0.640025638494476,33.3329662120528,0.486979668881208,12314.149345913
0.5,0.05,0.5,0.05,12,0.644094592993838,33.2779205751367,0.491320645506421,12446.4971138891
0.25,0.002,0.5,0.05,12,0.651752135290587,33.1752643889468,0.501718400123237,12638.3696122867
0.25,0.01,0.5,0.05,12,0.652931947645782,33.1595552638977,0.503038592436299,12672.1694796101
0.25,0.05,0.5,0.05,12,0.656010774431525,33.1186941955822,0.506881746429693,12756.8393327271
1,0.05,1,0.2,3,0.663993102396543,33.0136422845387,0.532738715090522,18080.531086987
1,0.01,1,0.2,3,0.66511433428587,32.9989874891611,0.538559866378543,19431.1026798374
0.75,0.05,1,0.2,2,0.665994356735956,32.9875026584398,0.536126649030913,18452.4145546134
0.75,0.002,1,0.2,3,0.668839784614246,32.9504716757976,0.541889867663711,18049.8611343072
0.5,0.01,1,0.2,2,0.671022872623519,32.9221671653374,0.542740607045727,17874.5305336741
0.5,0.002,1,0.2,2,0.671777797923381,32.9124007142561,0.543862705869562,17951.8334783693
0.75,0.01,1,0.2,3,0.672495391712275,32.9031273893167,0.544268601113231,17950.9156649282
0.5,0.05,1,0.2,2,0.673940371275449,32.8844841860115,0.546374427505968,17836.2269172038
0.25,0.05,1,0.2,5,0.675266632384594,32.867407842197,0.549308410896986,17904.0130750797
0.25,0.01,1,0.2,5,0.675974196143416,32.8583112827192,0.550098538894479,17871.589530625
0.25,0.002,1,0.2,4,0.676369913590853,32.8532280229932,0.55049088641948,17851.9262214318
1,0.002,1,0.2,7,0.689158165463586,32.6905355179808,0.548955721828917,17550.7587598961
1,0.05,0.5,0.2,12,0.690181357702337,32.6776491526658,0.570191981318055,15981.9623254957
0.75,0.002,0.5,0.2,12,0.691715468600965,32.6583638874008,0.566940157458798,17625.6600874028
0.75,0.01,0.5,0.2,12,0.6937559958847,32.6327786508087,0.574392169854643,15679.8214162712
0.25,0.05,0.5,0.2,11,0.693953126142362,32.6303109122218,0.571235806620689,15489.3736258292
0.25,0.01,0.5,0.2,10,0.695609524784425,32.609603241925,0.573110135948938,15455.8510117577
0.25,0.002,0.5,0.2,9,0.696432068663291,32.5993384248111,0.573841695981094,15436.3615155105
0.5,0.05,0.5,0.2,6,0.696907047835506,32.5934165113572,0.572634053897239,15471.7692303252
0.75,0.05,0.5,0.2,3,0.698543553875325,32.5730438555954,0.573211404706287,15771.4074614415
1,0.01,0.5,0.2,11,0.698563156898855,32.5728001094341,0.575240479715084,15226.6530929946
0.5,0.01,0.5,0.2,4,0.699675458029555,32.558980827374,0.575613563729401,15519.0923951106
0.5,0.002,0.5,0.2,3,0.701334897554223,32.5384046549632,0.577594341525214,15473.5939810679
1,0.002,0.5,0.2,11,0.704970733071028,32.4934918910277,0.580677932195771,15503.9289455043
